﻿<log4net>
	<appender name="ConsoleAppender" type="log4net.Appender.ColoredConsoleAppender">
		<layout type="log4net.Layout.PatternLayout">
			<conversionPattern value="%-4timestamp [%thread] %-5level %logger - %message%newline" />
		</layout>
	</appender>

	<appender name="FileAppender" type="log4net.Appender.FileAppender">
		<file value="${TMP}\AssemblyPatcher.txt" />
		<appendToFile value="true" />
		<layout type="log4net.Layout.PatternLayout">
			<conversionPattern value="%date [%thread] %-5level %logger - %message%newline" />
		</layout>
	</appender>


	<root>
		<level value="INFO" />
		<appender-ref ref="ConsoleAppender" />
		<appender-ref ref="FileAppender" />
	</root>
</log4net>
