<linker>
	<!-- Don't reference anything other than mscorlib in this file -->
	<assembly fullname="mscorlib">
		<type fullname="Mono.Runtime" preserve="fields">
			<method name="GetDisplayName"/>
		</type>
		<type fullname="System.AppDomain" preserve="fields"/>
		<type fullname="System.AppDomainSetup" preserve="fields"/>
		<type fullname="System.Delegate" preserve="fields"/>
		<type fullname="System.Version" preserve="fields"/>
		
		<!-- Exceptions used in vm::Exception -->
		<type fullname="System.NullReferenceException" preserve="fields">
			<method signature="System.Void .ctor()"/>
		</type>
		<type fullname="System.OverflowException" preserve="fields">
			<method signature="System.Void .ctor()"/>
		</type>
		<type fullname="System.InvalidCastException" preserve="fields">
			<method signature="System.Void .ctor()"/>
		</type>
		<type fullname="System.IndexOutOfRangeException" preserve="fields">
			<method signature="System.Void .ctor()"/>
		</type>
		<type fullname="System.TypeLoadException" preserve="fields">
			<method signature="System.Void .ctor()"/>
		</type>
		<type fullname="System.ArgumentNullException" preserve="fields">
			<method signature="System.Void .ctor()"/>
		</type>
		<type fullname="System.ArgumentException" preserve="fields">
			<method signature="System.Void .ctor()"/>
		</type>
		<type fullname="System.OutOfMemoryException" preserve="fields">
			<method signature="System.Void .ctor()"/>
		</type>
        <type fullname="System.FormatException" preserve="fields">
            <method signature="System.Void .ctor()"/>
        </type>
        <type fullname="System.NotSupportedException" preserve="fields">
            <method signature="System.Void .ctor()"/>
        </type>
        <type fullname="System.TypeInitializationException" preserve="fields">
            <method signature="System.Void .ctor()"/>
        </type>
        <type fullname="System.ArrayTypeMismatchException" preserve="fields">
            <method signature="System.Void .ctor()"/>
        </type>
        <type fullname="System.TypeLoadException" preserve="fields">
            <method signature="System.Void .ctor()"/>
        </type>
        <type fullname="System.EntryPointNotFoundException" preserve="fields">
            <method signature="System.Void .ctor()"/>
        </type>
        <type fullname="System.DllNotFoundException" preserve="fields">
            <method signature="System.Void .ctor()"/>
        </type>
        <type fullname="System.InvalidOperationException" preserve="fields">
            <method signature="System.Void .ctor()"/>
        </type>
        <type fullname="System.MissingMethodException" preserve="fields">
            <method signature="System.Void .ctor()"/>
        </type>
        <type fullname="System.Threading.ThreadInterruptedException" preserve="fields">
            <method signature="System.Void .ctor()"/>
        </type>
        <type fullname="System.Threading.ThreadStateException" preserve="fields">
            <method signature="System.Void .ctor()"/>
        </type>
        <type fullname="System.Threading.SynchronizationLockException" preserve="fields">
            <method signature="System.Void .ctor()"/>
        </type>
		<!-- End of Exceptions used in vm::Exception -->

        <type fullname="System.Security.Cryptography.RNGCryptoServiceProvider" preserve="fields">
            <method signature="System.Void .ctor()"/>
        </type>

		<type fullname="System.Threading.Thread" preserve="fields"/>
		<type fullname="System.String" preserve="fields">
			<method name="CreateString"/>
		</type>
		<type fullname="System.Object" preserve="fields">
			<method name="Finalize"/>
		</type>
		<type fullname="System.Array" preserve="nothing"/>
		<type fullname="System.Collections.Generic.ICollection`1" preserve="nothing"/>
		<type fullname="System.Collections.Generic.IEnumerable`1" preserve="nothing"/>
		<type fullname="System.Collections.Generic.IList`1" preserve="nothing"/>
		<type fullname="System.UIntPtr" preserve="nothing" />
		<type fullname="System.Diagnostics.StackFrame" preserve="fields"/>
		<type fullname="System.Diagnostics.StackTrace" preserve="fields"/>
		<type fullname="System.Object" preserve="nothing">
			<method name="GetHashCode"/>
			<method name="Finalize"/>
		</type>

		<!-- System.Reflection -->
		<type fullname="System.Reflection.Assembly" preserve="fields" />
		<type fullname="System.Reflection.Module" preserve="fields" />
		<type fullname="System.Reflection.ConstructorInfo" preserve="fields" />
		<type fullname="System.Reflection.EventInfo" preserve="fields" />
		<type fullname="System.Reflection.FieldInfo" preserve="fields" />
		<type fullname="System.Reflection.MethodInfo" preserve="fields" />
		<type fullname="System.Reflection.MonoCMethod" preserve="fields" />
		<type fullname="System.Reflection.MonoEvent" preserve="fields" />
		<type fullname="System.Reflection.MonoEventInfo" preserve="fields" />
		<type fullname="System.Reflection.MonoField" preserve="fields" />
		<type fullname="System.Reflection.MonoGenericMethod" preserve="fields" />
		<type fullname="System.Reflection.MonoGenericCMethod" preserve="fields" />
		<type fullname="System.Reflection.MonoMethod" preserve="fields" />
		<type fullname="System.Reflection.MonoMethodInfo" preserve="fields" />
		<type fullname="System.Reflection.MonoPropertyInfo" preserve="fields" />
		<type fullname="System.Reflection.MonoProperty" preserve="fields" />
		<type fullname="System.Reflection.ParameterInfo" preserve="fields" />

		<type fullname="System.Globalization.CultureInfo" preserve="fields">
			<method name="CreateCulture"/>
		</type>
		<type fullname="System.Globalization.NumberFormatInfo" preserve="fields"/>
		<type fullname="System.Globalization.DateTimeFormatInfo" preserve="fields"/>
		<type fullname="System.Threading.WaitHandle" preserve="fields"/>
		<type fullname="Microsoft.Win32.SafeHandles.SafeWaitHandle" preserve="fields"/>
		<type fullname="System.MarshalByRefObject" preserve="fields"/>
		<type fullname="System.Threading.ManualResetEvent" preserve="fields"/>
	</assembly>
</linker>
