<linker>
	<!-- Don't reference anything other than System in this file -->
	<assembly fullname="System">
		<!-- System.Net -->
		<type fullname="System.Net.HttpRequestCreator" preserve="fields">
			<method name=".ctor"/>
			<method name="Create" />
		</type>
		<type fullname="System.Net.HttpRequestCreator" preserve="fields">
			<method name=".ctor"/>
			<method name="Create" />
		</type>
		<type fullname="System.Net.FileWebRequestCreator" preserve="fields">
			<method name=".ctor"/>
			<method name="Create" />
		</type>
		<type fullname="System.Net.FtpRequestCreator" preserve="fields">
			<method name=".ctor"/>
			<method name="Create" />
		</type>
	</assembly>
</linker>
